{"cameraMode":{"drawMode":0,"name":"Shaded","section":"Shading Mode"},"sceneLighting":false,"audioPlay":false,"sceneViewState":{"showFog":true,"showMaterialUpdate":false,"showSkybox":false,"showFlares":true,"showImageEffects":true,"showParticleSystems":true},"in2DMode":false,"pivot":{"x":5.960464477539063e-8,"y":0.8863580226898193,"z":-0.00444406270980835},"rotation":{"x":-0.011401264928281308,"y":0.9816576242446899,"z":-0.062231820076704028,"w":-0.17984840273857118},"size":4.5325117111206059,"orthographic":false}