{"cameraMode":{"drawMode":0,"name":"Shaded","section":"Shading Mode"},"sceneLighting":true,"audioPlay":false,"sceneViewState":{"showFog":true,"showMaterialUpdate":false,"showSkybox":true,"showFlares":true,"showImageEffects":true,"showParticleSystems":true},"in2DMode":false,"pivot":{"x":0.06526374816894531,"y":0.09428495168685913,"z":-0.1449124813079834},"rotation":{"x":-0.12655752897262574,"y":0.6914375424385071,"z":-0.12496761232614517,"w":-0.700205385684967},"size":1.9578838348388672,"orthographic":false}